nombre,G_I,G_I_err,M_L,chi2_red
NGC 2403,50.0,0.0,2.0,209.18462585804832
NGC 3198,50.0,0.0,2.0,65.19721231612476
UGC 2885,127.3109243397914,2.4338504307453115,1.8028294230143271,21.72418820977669
NGC 7331,50.0,0.0,2.0,150.4585683959892
NGC 6503,50.0,0.0,2.0,189.80433872936922
